id,comprobante_cod,persona_cod
1,212,28
2,213,32
3,214,24
4,239,26
5,216,43
6,217,24
7,219,66
8,220,73
9,211,3
10,221,4
11,222,6
12,218,54
13,226,11
14,227,12
15,228,13
16,229,28
17,230,15
18,231,17
19,233,18
20,234,20
21,235,22
22,244,30
23,232,19
24,245,33
25,246,20
26,247,54
27,248,17
28,249,4
29,250,34
30,251,8
31,252,9
32,253,35
33,254,36
34,255,37
35,256,39
36,257,21
37,258,15
38,259,18
39,260,40
40,261,41
41,262,23
42,263,24
43,264,42
44,265,73
45,266,66
46,267,5
47,269,10
48,270,11
49,271,13
50,268,6
51,272,26
52,273,27
53,274,38
54,4897,29
55,4898,29
56,4899,29
57,4900,29
58,4901,29
59,215,3
60,223,8
61,224,7
62,225,9
63,236,23
64,237,20
65,238,5
66,240,27
67,241,25
68,242,21
69,243,10
70,275,54
71,276,35
72,277,34
73,278,39
74,279,17
75,280,4
76,281,19
77,282,66
78,283,21
79,284,5
80,285,37
81,286,12
82,287,20
83,288,33
84,289,28
85,290,15
86,291,41
87,292,8
88,293,9
89,294,24
90,295,42
91,296,6
92,297,10
93,298,11
94,299,11
95,300,13
96,301,22
97,2,16
98,1,16
99,3,16
100,4,16
101,302,26
102,303,38
103,304,27
104,4902,29
105,4903,29
106,4904,29
107,5,16
108,305,3
109,306,35
110,307,44
111,308,54
112,309,66
113,310,73
114,311,5
115,312,8
116,313,9
117,314,36
118,315,39
119,316,12
120,318,15
121,319,23
122,320,19
123,321,20
124,322,33
125,323,34
126,324,25
127,325,6
128,326,13
129,327,24
130,317,28
131,328,10
132,329,11
133,330,26
134,331,27
135,332,38
136,333,30
137,334,3
138,335,66
139,336,73
140,337,37
141,338,5
142,339,8
143,340,9
144,341,21
145,342,45
146,344,12
147,345,28
148,346,15
149,347,41
150,348,40
151,349,20
152,350,33
153,351,35
154,352,34
155,353,17
156,354,39
157,356,18
158,357,19
159,358,24
160,359,42
161,360,6
162,361,10
163,362,11
164,363,13
165,6,16
166,7,16
167,364,38
168,343,27
169,355,26
170,4906,29
171,4905,29
172,8,16
173,365,34
174,366,25
175,367,24
176,369,54
177,371,73
178,373,5
179,374,6
180,375,39
181,376,8
182,377,9
183,378,10
184,379,11
185,380,37
186,381,36
187,382,21
188,383,26
189,384,27
190,385,38
191,386,12
192,387,28
193,388,17
194,389,20
195,390,33
196,392,18
197,393,19
198,394,35
199,395,23
200,396,13
201,397,46
202,4907,29
203,9,16
204,10,16
205,11,16
206,12,16
207,13,16
208,368,42
209,398,15
210,370,66
211,372,3
212,391,22
213,399,35
214,400,24
215,401,42
216,402,54
217,403,66
218,404,73
219,405,34
220,406,6
221,407,40
222,408,8
223,409,9
224,410,10
225,411,11
226,412,39
227,413,36
228,414,26
229,14,16
230,15,16
231,16,16
232,415,27
233,416,38
234,417,12
235,418,28
236,419,37
237,420,20
238,421,33
239,422,15
240,423,21
241,424,17
242,425,18
243,426,19
244,427,13
245,4908,29
246,428,34
247,429,24
248,430,42
249,432,66
250,433,73
251,434,5
252,435,6
253,436,8
254,437,9
255,438,10
256,439,11
257,440,12
258,441,38
259,442,28
260,443,26
261,444,15
262,445,17
263,446,21
264,447,18
265,448,19
266,449,20
267,450,33
268,4909,29
269,4910,29
270,4911,29
271,451,3
272,431,54
273,452,13
274,17,16
275,18,16
276,453,54
277,454,66
278,455,73
279,456,5
280,457,37
281,458,8
282,459,9
283,460,39
284,462,35
285,463,36
286,464,34
287,465,17
288,466,15
289,467,26
290,469,18
291,470,20
292,471,25
293,472,6
294,473,10
295,475,13
296,476,11
297,461,21
298,477,33
299,478,30
300,4912,29
301,479,41
302,480,23
303,468,38
304,474,27
305,481,40
306,482,43
307,483,73
308,484,5
309,487,19
310,488,23
311,489,35
312,490,34
313,491,66
314,492,8
315,493,12
316,494,28
317,495,21
318,496,15
319,497,20
320,498,33
321,499,23
322,500,24
323,501,42
324,502,6
325,503,10
326,504,11
327,505,13
328,485,17
329,486,26
330,506,27
331,507,38
332,4913,29
333,19,16
334,20,16
335,508,3
336,509,9
337,510,41
338,511,73
339,513,5
340,514,18
341,515,19
342,516,17
343,517,35
344,518,39
345,21,16
346,22,16
347,519,20
348,520,33
349,521,36
350,522,37
351,523,66
352,524,12
353,525,8
354,526,9
355,528,21
356,529,44
357,530,24
358,531,42
359,532,10
360,533,11
361,534,13
362,535,23
363,512,26
364,536,27
365,537,38
366,538,6
367,4914,29
368,539,15
369,540,3
370,544,21
371,542,8
372,527,28
373,548,28
374,550,20
375,549,15
376,551,33
377,543,9
378,545,36
379,547,12
380,552,35
381,553,54
382,555,39
383,556,34
384,558,18
385,559,19
386,560,25
387,561,24
388,562,42
389,563,6
390,564,10
391,565,11
392,566,13
393,23,16
394,24,16
395,541,5
396,570,23
397,569,23
398,4915,29
399,557,17
400,554,26
401,571,66
402,568,47
403,567,27
404,25,16
405,573,66
406,574,5
407,575,8
408,576,9
409,577,21
410,578,36
411,580,28
412,581,44
413,582,37
414,583,33
415,584,20
416,585,73
417,586,24
418,587,42
419,588,54
420,590,6
421,591,17
422,592,10
423,593,11
424,594,11
425,595,34
426,596,40
427,598,13
428,599,35
429,600,39
430,601,18
431,602,19
432,589,26
433,597,27
434,4916,29
435,546,38
436,603,23
437,572,3
438,26,16
439,27,16
440,28,16
441,604,15
442,606,43
443,607,24
444,608,42
445,609,54
446,610,66
447,611,73
448,612,8
449,613,9
450,614,10
451,615,11
452,616,33
453,617,20
454,618,36
455,620,12
456,621,28
457,622,26
458,623,15
459,624,6
460,625,13
461,626,34
462,627,18
463,628,19
464,629,21
465,630,37
466,631,39
467,632,23
468,633,38
469,579,12
470,634,30
471,4917,29
472,605,35
473,619,27
474,29,16
475,30,16
476,31,16
477,635,24
478,636,66
479,637,49
480,638,21
481,639,8
482,640,9
483,641,36
484,642,20
485,643,33
486,645,28
487,644,12
488,646,15
489,647,25
490,648,54
491,649,34
492,651,6
493,652,10
494,653,11
495,656,13
496,657,17
497,658,18
498,659,19
499,661,23
500,662,46
501,660,28
502,650,5
503,654,26
504,655,27
505,663,38
506,664,31
507,665,3
508,666,66
509,669,6
510,670,10
511,671,11
512,672,37
513,673,13
514,674,38
515,675,27
516,676,15
517,677,24
518,678,42
519,679,31
520,680,54
521,681,73
522,682,40
523,683,5
524,684,8
525,685,9
526,686,35
527,687,21
528,689,18
529,688,39
530,32,16
531,34,16
532,33,16
533,4918,29
534,4920,29
535,691,31
536,690,26
537,668,20
538,667,33
539,4919,29
540,692,66
541,693,73
542,694,20
543,695,33
544,696,5
545,697,9
546,698,21
547,699,12
548,700,28
549,701,15
550,702,44
551,703,37
552,704,25
553,705,24
554,706,42
555,707,54
556,708,35
557,709,6
558,710,10
559,711,11
560,712,13
561,713,26
562,714,17
563,715,18
564,716,19
565,717,39
566,718,38
567,719,27
568,720,41
569,721,23
570,722,3
571,723,24
572,724,42
573,726,6
574,727,39
575,728,10
576,729,11
577,730,13
578,731,35
579,732,40
580,733,34
581,734,18
582,735,19
583,736,17
584,737,37
585,738,50
586,739,66
587,740,5
588,741,12
589,742,28
590,743,15
591,744,51
592,745,21
593,746,20
594,747,33
595,35,16
596,36,16
597,37,16
598,38,16
599,39,16
600,748,23
601,4921,29
602,725,26
603,749,27
604,750,38
605,751,8
606,752,9
607,753,73
608,754,48
609,4922,29
610,755,3
611,756,54
612,757,35
613,758,39
614,759,19
615,760,17
616,762,24
617,763,42
618,764,66
619,765,6
620,766,37
621,767,9
622,768,10
623,769,11
624,771,36
625,772,12
626,773,15
627,774,20
628,775,33
629,776,50
630,777,28
631,778,21
632,779,8
633,780,73
634,781,43
635,40,16
636,761,26
637,42,16
638,41,16
639,4923,29
640,782,23
641,783,27
642,784,38
643,785,5
644,786,36
645,788,40
646,787,54
647,789,34
648,790,39
649,791,35
650,793,18
651,794,19
652,796,25
653,797,24
654,798,42
655,799,49
656,800,6
657,801,44
658,802,10
659,803,11
660,804,36
661,805,12
662,806,15
663,807,13
664,808,20
665,809,33
666,810,37
667,811,73
668,812,5
669,813,8
670,814,9
671,815,21
672,816,51
673,817,28
674,43,16
675,44,16
676,45,16
677,46,16
678,770,13
679,47,16
680,792,17
681,795,26
682,818,52
683,819,38
684,820,27
685,4924,29
686,821,66
687,822,54
688,824,39
689,825,18
690,826,19
691,827,35
692,828,66
693,829,73
694,833,15
695,834,20
696,835,33
697,836,8
698,837,9
699,838,45
700,839,37
701,840,24
702,841,6
703,842,10
704,843,11
705,844,13
706,845,10
707,830,36
708,831,12
709,4925,29
710,48,16
711,49,16
712,50,16
713,832,28
714,823,26
715,847,38
716,846,27
717,51,16
718,52,16
719,53,16
720,848,66
721,850,73
722,851,33
723,852,5
724,853,8
725,854,9
726,855,12
727,857,15
728,858,24
729,859,54
730,860,13
731,861,6
732,863,10
733,864,11
734,865,18
735,866,19
736,867,20
737,868,22
738,856,28
739,869,25
740,870,23
741,4926,29
742,871,26
743,862,17
744,872,3
745,873,17
746,874,34
747,875,54
748,849,66
749,880,37
750,881,15
751,883,73
752,884,44
753,885,5
754,886,35
755,887,39
756,888,25
757,889,24
758,890,42
759,891,6
760,893,10
761,894,11
762,895,13
763,896,53
764,877,9
765,897,23
766,882,18
767,54,16
768,55,16
769,56,16
770,4927,29
771,879,33
772,892,20
773,876,8
774,898,28
775,899,38
776,900,27
777,901,66
778,903,5
779,904,8
780,907,28
781,908,15
782,905,9
783,909,20
784,910,35
785,911,39
786,912,17
787,913,19
788,915,24
789,916,42
790,917,13
791,918,6
792,921,10
793,922,11
794,923,54
795,914,26
796,924,33
797,878,66
798,57,16
799,919,27
800,920,38
801,58,16
802,59,16
803,925,23
804,926,26
805,927,55
806,928,3
807,929,35
808,930,24
809,931,42
810,932,54
811,933,66
812,934,73
813,935,5
814,936,6
815,937,44
816,938,8
817,939,9
818,940,10
819,941,11
820,942,36
821,943,12
822,944,28
823,945,33
824,946,20
825,947,15
826,948,17
827,949,18
828,950,19
829,951,39
830,952,13
831,953,25
832,954,15
833,60,16
834,61,16
835,62,16
836,906,12
837,902,37
838,4928,29
839,955,26
840,956,27
841,957,38
842,958,3
843,959,40
844,960,54
845,961,17
846,962,26
847,963,18
848,964,19
849,965,39
850,966,35
851,967,34
852,968,37
853,969,66
854,970,73
855,971,5
856,972,8
857,973,9
858,974,36
859,975,12
860,976,28
861,977,15
862,979,20
863,978,33
864,980,25
865,981,24
866,982,42
867,983,6
868,984,45
869,985,10
870,986,11
871,987,13
872,63,16
873,64,16
874,65,16
875,988,38
876,989,27
877,4929,29
878,990,23
879,993,17
880,994,18
881,995,19
882,996,39
883,997,35
884,998,34
885,66,16
886,67,16
887,68,16
888,999,66
889,1000,44
890,1001,20
891,1002,33
892,1003,37
893,1004,36
894,1005,12
895,1006,15
896,1007,24
897,1008,73
898,1009,5
899,1010,6
900,1011,8
901,1012,9
902,1013,10
903,1014,11
904,1015,28
905,1016,13
906,991,54
907,69,16
908,1017,38
909,1018,27
910,992,26
911,4930,29
912,1019,48
913,1020,54
914,1022,18
915,1023,19
916,1024,39
917,1025,34
918,1026,35
919,1028,37
920,1029,20
921,1030,33
922,1031,12
923,1032,15
924,1033,25
925,1034,24
926,1035,42
927,1037,10
928,1038,11
929,1039,13
930,1040,73
931,1041,8
932,1042,9
933,1043,28
934,1036,6
935,1044,38
936,1045,27
937,1046,3
938,1047,54
939,1048,73
940,1050,18
941,1052,17
942,1053,43
943,1054,24
944,1055,66
945,1056,6
946,1057,8
947,1058,9
948,1059,10
949,1060,11
950,1061,12
951,1063,15
952,1065,20
953,1064,33
954,1066,13
955,70,16
956,71,16
957,72,16
958,1051,19
959,1062,28
960,1067,38
961,4931,29
962,1027,66
963,1049,26
964,1021,26
965,1068,5
966,1069,25
967,1071,3
968,1072,66
969,1073,12
970,1074,28
971,1075,15
972,1076,44
973,1077,20
974,1078,33
975,1079,50
976,1080,73
977,1082,8
978,1083,9
979,1084,17
980,1085,26
981,1086,18
982,1087,35
983,1088,39
984,1089,24
985,1090,42
986,1091,6
987,1092,10
988,1093,11
989,1094,13
990,1095,11
991,1096,27
992,1097,38
993,4933,29
994,1098,48
995,1099,56
996,74,16
997,73,16
998,75,16
999,76,16
1000,1081,5
1001,1100,31
1002,4932,29
1003,1101,54
1004,1103,5
1005,1105,8
1006,1106,9
1007,1107,19
1008,1108,39
1009,1109,35
1010,1110,17
1011,1112,24
1012,1113,42
1013,1114,66
1014,1116,10
1015,1117,11
1016,1118,36
1017,1119,12
1018,1111,28
1019,1120,15
1020,1121,20
1021,1122,33
1022,1123,37
1023,1124,13
1024,77,16
1025,78,16
1026,79,16
1027,80,16
1028,1125,27
1029,1102,26
1030,1126,38
1031,1115,44
1032,1127,5
1033,4934,29
1034,1128,3
1035,1129,54
1036,1130,5
1037,1131,35
1038,1132,8
1039,1133,9
1040,1134,28
1041,1135,17
1042,1137,19
1043,1138,34
1044,1139,39
1045,1141,25
1046,1142,24
1047,1143,42
1048,1144,6
1049,1145,11
1050,1146,10
1051,1147,27
1052,1148,13
1053,1149,33
1054,1150,20
1055,1151,66
1056,1152,56
1057,1153,37
1058,1154,36
1059,1155,38
1060,1156,12
1061,1157,15
1062,1140,26
1063,81,16
1064,82,16
1065,1070,23
1066,4935,29
1067,1136,18
1068,1158,3
1069,1159,28
1070,1160,66
1071,1161,36
1072,1162,12
1073,1163,38
1074,1164,15
1075,1165,33
1076,1166,20
1077,1167,37
1078,1168,50
1079,1169,24
1080,1170,42
1081,1171,6
1082,1172,10
1083,1173,11
1084,1174,27
1085,1175,56
1086,1176,13
1087,1177,54
1088,1178,73
1089,1179,5
1090,1180,8
1091,1181,9
1092,1182,26
1093,1183,35
1094,1184,18
1095,1185,19
1096,1186,17
1097,1104,73
1098,83,16
1099,1187,46
1100,84,16
1101,85,16
1102,1188,23
1103,1211,73
1104,1220,66
1105,1221,37
1106,1222,36
1107,1223,12
1108,1224,44
1109,1225,15
1110,1226,20
1111,1227,54
1112,1228,17
1113,1230,19
1114,1231,35
1115,1232,34
1116,1233,40
1117,1234,24
1118,1235,42
1119,1236,6
1120,1237,56
1121,1238,13
1122,1239,8
1123,1240,9
1124,1241,28
1125,1242,33
1126,1243,10
1127,1244,11
1128,1245,73
1129,1246,5
1130,1247,24
1131,1248,66
1132,1249,73
1133,1250,8
1134,1251,28
1135,1252,15
1136,1253,38
1137,1254,27
1138,1255,5
1139,1256,17
1140,1257,13
1141,1258,18
1142,1259,39
1143,1260,35
1144,1261,34
1145,1262,26
1146,1263,12
1147,1264,35
1148,1265,73
1149,1266,5
1150,1267,8
1151,1268,9
1152,1269,26
1153,1270,17
1154,1271,34
1155,1272,39
1156,1273,25
1157,1275,42
1158,1276,66
1159,1277,6
1160,1278,13
1161,1279,12
1162,1280,28
1163,1281,15
1164,1282,20
1165,1283,45
1166,1286,27
1167,1287,38
1168,1288,12
1169,1289,15
1170,1290,27
1171,1291,26
1172,1292,33
1173,1293,3
1174,1295,66
1175,1294,28
1176,1298,9
1177,1300,15
1178,1301,24
1179,1302,42
1180,1306,13
1181,1307,18
1182,1308,17
1183,1309,39
1184,1310,35
1185,1311,10
1186,1312,11
1187,1313,25
1188,1314,23
1189,1305,58
1190,1315,23
1191,1316,41
1192,1299,12
1193,1304,38
1194,1303,27
1195,1297,8
1196,1318,46
1197,1296,5
1198,1319,33
1199,1274,24
1200,1320,3
1201,1321,43
1202,1322,54
1203,1323,66
1204,1324,73
1205,1325,5
1206,1326,20
1207,1327,33
1208,1328,8
1209,1329,9
1210,1330,36
1211,1331,12
1212,1332,28
1213,1333,15
1214,1334,34
1215,1335,18
1216,1336,17
1217,1337,35
1218,1338,39
1219,1339,24
1220,1340,42
1221,1341,6
1222,1345,11
1223,1346,11
1224,1347,20
1225,90,16
1226,1348,23
1227,1317,43
1228,88,16
1229,89,16
1230,1349,38
1231,1342,26
1232,86,16
1233,1351,27
1234,87,16
1235,1199,54
1236,1209,8
1237,1210,9
1238,1285,38
1239,1284,27
1240,1219,25
1241,1194,15
1242,1200,26
1243,1191,66
1244,1201,17
1245,1190,28
1246,1189,3
1247,1197,37
1248,1193,12
1249,1208,5
1250,1212,24
1251,1213,42
1252,1195,20
1253,1196,33
1254,1206,34
1255,1214,6
1256,1203,19
1257,1192,36
1258,1204,35
1259,1205,39
1260,1198,44
1261,1218,56
1262,1207,73
1263,1202,18
1264,1217,13
1265,1216,11
1266,1215,10
1267,1229,18
1268,4938,29
1269,4937,29
1270,4940,29
1271,4936,29
1272,1353,54
1273,1354,40
1274,1355,17
1275,1356,18
1276,1357,19
1277,1358,39
1278,1359,35
1279,1360,66
1280,1363,20
1281,1364,33
1282,1365,15
1283,1367,37
1284,4939,29
1285,1368,24
1286,1369,42
1287,1370,6
1288,1371,10
1289,1372,11
1290,1373,13
1291,1374,25
1292,1375,49
1293,1376,73
1294,1377,8
1295,1378,9
1296,1379,28
1297,1380,5
1298,1366,23
1299,4941,29
1300,1361,36
1301,1381,66
1302,1382,36
1303,1383,12
1304,1386,33
1305,1387,37
1306,1384,15
1307,1362,12
1308,1388,54
1309,1389,17
1310,1390,34
1311,1391,18
1312,1393,39
1313,1394,35
1314,1395,40
1315,1392,19
1316,1396,73
1317,1397,8
1318,1398,9
1319,1399,28
1320,1400,49
1321,1401,13
1322,1402,10
1323,1403,11
1324,1404,56
1325,1405,6
1326,1406,24
1327,92,16
1328,1343,26
1329,1344,26
1330,1407,17
1331,1408,27
1332,1352,27
1333,1409,38
1334,1350,38
1335,1385,20
1336,1410,23
1337,1411,45
1338,4942,29
1339,91,16
1340,1412,28
1341,1413,33
1342,1414,15
1343,1415,18
1344,4943,29
1345,1416,24
1346,1417,42
1347,1418,66
1348,1419,6
1349,1420,8
1350,1421,9
1351,1422,12
1352,1423,15
1353,1424,20
1354,1425,10
1355,1426,11
1356,1427,13
1357,1428,34
1358,1429,26
1359,1430,35
1360,1431,17
1361,1432,56
1362,4944,29
1363,1433,10
1364,1434,13
1365,1435,66
1366,1436,5
1367,1437,37
1368,1438,12
1369,1439,28
1370,1440,15
1371,1441,20
1372,1442,25
1373,1443,24
1374,1444,42
1375,1445,54
1376,1446,6
1377,1447,8
1378,1448,9
1379,1449,10
1380,1450,11
1381,1451,26
1382,1452,19
1383,1453,17
1384,1454,40
1385,1455,35
1386,93,16
1387,1457,3
1388,1458,15
1389,1459,52
1390,4945,29
1391,1460,66
1392,1461,5
1393,1462,8
1394,1463,9
1395,1464,36
1396,1465,12
1397,1466,28
1398,1467,15
1399,1468,20
1400,1469,54
1401,1470,6
1402,1471,10
1403,1472,11
1404,1473,13
1405,1474,19
1406,1475,18
1407,1476,35
1408,1477,56
1409,1478,24
1410,1479,42
1411,1480,33
1412,1481,26
1413,1482,23
1414,1483,38
1415,1484,27
1416,1456,33
1417,94,16
1418,1485,3
1419,1486,66
1420,1487,73
1421,1488,5
1422,1489,8
1423,1490,9
1424,1491,36
1425,1492,12
1426,1493,28
1427,1495,20
1428,1496,37
1429,1494,15
1430,1498,40
1431,1499,24
1432,1500,42
1433,1501,54
1434,1502,6
1435,1503,56
1436,1504,10
1437,1505,11
1438,1506,33
1439,1507,13
1440,1508,18
1441,1509,19
1442,1510,34
1443,1511,17
1444,1512,35
1445,1513,41
1446,95,16
1447,1514,26
1448,1515,27
1449,1516,38
1450,1497,49
1451,1517,54
1452,1518,19
1453,1519,39
1454,1520,18
1455,1521,35
1456,1522,17
1457,1524,3
1458,1525,66
1459,1526,20
1460,1527,33
1461,1528,38
1462,1529,12
1463,1530,28
1464,1531,15
1465,1532,37
1466,1534,24
1467,1535,42
1468,1536,6
1469,1537,10
1470,1538,11
1471,1539,27
1472,1540,13
1473,1541,73
1474,1542,5
1475,1543,8
1476,1544,9
1477,96,16
1478,1523,26
1479,1533,25
1480,1545,23
1481,4946,29
1482,4947,29
1483,4948,29
1484,1548,54
1485,1549,73
1486,1550,8
1487,1551,9
1488,1552,37
1489,1553,36
1490,1554,12
1491,1555,28
1492,1556,15
1493,1557,18
1494,1558,19
1495,1559,39
1496,1560,35
1497,1561,34
1498,1562,24
1499,1563,42
1500,1564,6
1501,1565,10
1502,1566,11
1503,1567,13
1504,1568,56
1505,97,16
1506,1569,66
1507,4949,29
1508,1570,26
1509,1546,20
1510,1547,33
1511,1571,38
1512,1572,27
1513,1573,3
1514,1574,43
1515,1575,73
1516,1576,66
1517,1577,5
1518,1578,20
1519,1579,36
1520,1580,12
1521,1581,28
1522,1582,15
1523,1583,24
1524,1584,54
1525,1585,56
1526,1586,8
1527,1587,9
1528,1588,10
1529,1589,11
1530,1590,26
1531,1591,13
1532,1592,18
1533,1593,19
1534,1594,17
1535,98,16
1536,1595,27
1537,1596,38
1538,1597,26
1539,1598,33
1540,1599,46
1541,99,16
1542,1601,54
1543,1602,66
1544,1603,73
1545,1604,5
1546,1607,11
1547,1608,11
1548,1609,56
1549,1610,12
1550,1611,39
1551,1612,15
1552,1605,8
1553,1613,9
1554,1614,20
1555,1615,13
1556,1616,23
1557,1617,18
1558,1618,17
1559,1619,35
1560,1620,34
1561,1606,10
1562,1621,24
1563,1622,42
1564,1623,38
1565,1624,27
1566,1625,43
1567,1626,37
1568,1627,33
1569,4950,29
1570,1628,3
1571,1631,8
1572,1632,40
1573,1634,28
1574,1635,15
1575,1636,19
1576,1637,39
1577,1638,35
1578,1639,34
1579,1640,13
1580,1641,10
1581,1629,54
1582,1642,11
1583,1643,66
1584,100,16
1585,1630,5
1586,1644,24
1587,1645,42
1588,1646,6
1589,1647,33
1590,1648,26
1591,1649,27
1592,1650,38
1593,1633,20
1594,1651,56
1595,1652,48
1596,1600,25
1597,4951,29
1598,101,16
1599,1653,8
1600,1654,9
1601,1655,54
1602,1656,35
1603,1657,18
1604,1658,19
1605,1659,17
1606,1660,20
1607,1662,36
1608,1663,5
1609,1664,73
1610,1665,66
1611,1666,12
1612,1667,28
1613,1668,37
1614,1669,33
1615,1670,24
1616,1671,42
1617,1672,6
1618,1673,13
1619,1674,10
1620,1675,11
1621,1677,26
1622,1678,38
1623,1679,27
1624,1680,23
1625,1661,15
1626,4952,29
1627,1676,25
1628,1681,3
1629,1682,54
1630,1683,73
1631,1684,5
1632,1685,18
1633,1686,19
1634,1687,35
1635,1688,39
1636,1689,17
1637,1690,25
1638,1691,24
1639,1692,42
1640,1693,6
1641,1694,46
1642,1695,10
1643,1696,11
1644,1697,13
1645,1698,56
1646,1699,66
1647,1701,33
1648,1700,20
1649,1702,8
1650,1703,9
1651,1704,36
1652,1705,12
1653,1706,28
1654,1707,15
1655,1708,59
1656,1709,37
1657,102,16
1658,1711,26
1659,1712,34
1660,1713,48
1661,1710,23
1662,1716,3
1663,1715,27
1664,1717,54
1665,1718,40
1666,1719,18
1667,1720,19
1668,1721,39
1669,1722,35
1670,1723,17
1671,1724,20
1672,1725,33
1673,1726,66
1674,1727,37
1675,1728,36
1676,1729,12
1677,1730,15
1678,1731,24
1679,1732,73
1680,1733,5
1681,1734,6
1682,1735,8
1683,1736,9
1684,1737,10
1685,1738,11
1686,1739,28
1687,1740,13
1688,1741,56
1689,103,16
1690,4953,29
1691,1742,23
1692,1714,38
1693,1743,41
1694,1744,26
1695,1745,38
1696,1746,27
1697,1747,23
1698,1748,54
1699,1749,8
1700,1750,9
1701,1751,18
1702,1752,19
1703,1753,39
1704,1755,34
1705,1756,24
1706,1757,66
1707,1758,73
1708,1759,6
1709,1760,10
1710,1761,11
1711,1762,33
1712,1763,20
1713,1764,12
1714,1765,28
1715,1766,15
1716,1767,13
1717,104,16
1718,1769,59
1719,1768,59
1720,1770,35
1721,1772,27
1722,4954,29
1723,1773,38
1724,1774,3
1725,1775,54
1726,1776,66
1727,1777,73
1728,1778,5
1729,1779,8
1730,1780,9
1731,1781,12
1732,1782,28
1733,1783,17
1734,1784,15
1735,1785,18
1736,1786,19
1737,1787,20
1738,1788,24
1739,1789,10
1740,1790,11
1741,1791,13
1742,1792,46
1743,1793,37
1744,1794,48
1745,105,16
1746,1796,33
1747,1797,27
1748,1798,38
1749,4955,29
1750,1799,3
1751,1801,73
1752,1802,5
1753,1803,20
1754,1804,43
1755,1805,36
1756,1806,12
1757,1807,15
1758,1808,59
1759,1809,37
1760,1810,25
1761,1811,24
1762,1812,42
1763,1813,13
1764,1814,6
1765,1815,8
1766,1816,9
1767,1817,10
1768,1818,11
1769,1819,56
1770,1820,34
1771,1822,17
1772,1823,35
1773,106,16
1774,1825,38
1775,1826,27
1776,1827,54
1777,1829,8
1778,1830,9
1779,1831,35
1780,1832,19
1781,1833,39
1782,1834,17
1783,1835,66
1784,1836,73
1785,1837,20
1786,1838,5
1787,1839,12
1788,1840,28
1789,1841,15
1790,1842,37
1791,1843,59
1792,1844,24
1793,1771,26
1794,1846,6
1795,1847,13
1796,1848,10
1797,1849,11
1798,1850,56
1799,1845,42
1800,107,16
1801,1821,18
1802,4956,29
1803,1851,46
1804,1852,23
1805,1828,54
1806,4957,29
1807,1853,43
1808,1854,33
1809,1800,66
1810,1855,26
1811,1795,26
1812,1824,26
1813,1856,46
1814,1857,27
1815,1858,38
1816,1859,59
1817,4958,29
1818,1860,3
1819,1861,66
1820,1862,73
1821,1863,5
1822,1864,33
1823,1865,20
1824,1866,36
1825,1867,12
1826,1868,28
1827,1869,15
1828,1870,37
1829,1871,59
1830,1872,24
1831,1873,54
1832,1874,13
1833,1875,6
1834,1878,56
1835,1880,18
1836,1881,19
1837,1883,35
1838,1884,39
1839,1876,8
1840,1885,10
1841,1886,60
1842,1887,11
1843,1888,25
1844,108,16
1845,1889,23
1846,1882,17
1847,1877,9
1848,1891,26
1849,1892,27
1850,1893,38
1851,1890,48
1852,1894,3
1853,109,16
1854,1895,66
1855,1896,73
1856,1897,5
1857,1898,37
1858,1899,36
1859,1900,12
1860,1901,28
1861,1902,15
1862,1903,20
1863,1904,33
1864,1905,60
1865,1906,20
1866,1907,24
1867,1908,42
1868,1909,56
1869,1910,13
1870,1911,6
1871,1912,35
1872,1913,8
1873,1914,9
1874,1915,10
1875,1916,11
1876,1918,34
1877,1919,18
1878,1920,19
1879,1921,41
1880,1922,23
1881,4959,29
1882,1923,26
1883,1924,38
1884,1925,27
1885,1926,22
1886,1927,46
1887,4960,29
1888,1928,54
1889,1929,40
1890,1930,18
1891,1931,19
1892,1932,39
1893,1933,35
1894,1934,17
1895,1935,24
1896,1936,42
1897,1937,6
1898,1938,10
1899,1939,11
1900,1940,13
1901,1941,56
1902,1942,25
1903,1943,73
1904,1944,5
1905,1945,8
1906,1946,9
1907,1947,28
1908,1948,59
1909,1949,60
1910,1950,66
1911,1951,37
1912,1952,35
1913,1953,36
1914,1954,12
1915,1955,15
1916,1956,20
1917,1957,33
1918,1879,41
1919,110,16
1920,1958,38
1921,1959,61
1922,4961,29
1923,1960,23
1924,1961,26
1925,1962,27
1926,1963,66
1927,1964,73
1928,1965,33
1929,1966,20
1930,1967,36
1931,1968,12
1932,1969,37
1933,1970,54
1934,1971,8
1935,1972,9
1936,1973,18
1937,1974,19
1938,1975,39
1939,1976,34
1940,1977,35
1941,1979,24
1942,1981,10
1943,1982,11
1944,1917,17
1945,1983,22
1946,1984,15
1947,1985,13
1948,1980,6
1949,1986,15
1950,1978,25
1951,1987,26
1952,1988,27
1953,1989,61
1954,1990,61
1955,111,16
1956,1991,38
1957,1992,27
1958,4962,29
1959,1993,3
1960,112,16
1961,1994,66
1962,1995,73
1963,1996,5
1964,1997,12
1965,1998,28
1966,1999,20
1967,2000,33
1968,2001,15
1969,2002,59
1970,2003,60
1971,2004,54
1972,2005,8
1973,2006,9
1974,2007,17
1975,2008,18
1976,2009,19
1977,2010,62
1978,2011,24
1979,2012,10
1980,2013,11
1981,2014,11
1982,2015,13
1983,2016,23
1984,4963,29
1985,2017,38
1986,2018,26
1987,113,16
1988,2019,66
1989,2020,73
1990,2021,5
1991,2022,37
1992,2023,60
1993,2024,36
1994,2025,12
1995,2026,28
1996,2027,20
1997,2028,33
1998,2029,54
1999,2030,8
2000,2031,9
2001,2032,18
2002,2033,17
2003,2034,35
2004,2035,39
2005,2036,43
2006,2037,24
2007,2038,42
2008,2039,6
2009,2040,10
2010,2041,11
2011,2042,13
2012,2043,61
2013,2044,22
2014,2045,27
2015,2046,38
2016,2047,56
2017,2048,23
2018,4964,29
2019,2049,26
2020,2050,3
2021,2051,66
2022,2052,73
2023,2053,5
2024,2055,9
2025,2056,28
2026,2057,15
2027,2058,37
2028,2059,54
2029,2060,39
2030,2061,35
2031,2062,17
2032,2063,19
2033,2064,42
2034,2065,6
2035,2066,10
2036,2067,11
2037,2068,56
2038,2069,13
2039,2070,40
2040,2071,15
2041,2054,8
2042,2072,62
2043,2073,24
2044,2074,25
2045,2075,26
2046,2076,27
2047,2077,38
2048,2078,33
2049,114,16
2050,2079,15
2051,2080,61
2052,4965,29
2053,2081,20
2054,2082,54
2055,2083,8
2056,2084,9
2057,2085,58
2058,2086,18
2059,2087,19
2060,2088,35
2061,2089,17
2062,2090,39
2063,2091,66
2064,2092,73
2065,2093,5
2066,2094,36
2067,2096,28
2068,2097,20
2069,2098,33
2070,2099,15
2071,2100,37
2072,2101,59
2073,2102,24
2074,2103,42
2075,2104,6
2076,2105,10
2077,2106,13
2078,2107,11
2079,2108,63
2080,4966,29
2081,4967,29
2082,2109,26
2083,2110,38
2084,2111,27
2085,2112,27
2086,4968,29
2087,115,16
2088,2113,3
2089,2114,54
2090,2115,35
2091,2116,8
2092,2117,9
2093,2118,17
2094,2119,39
2095,2120,18
2096,2121,19
2097,2122,34
2098,2123,24
2099,2124,42
2100,2125,66
2101,2126,73
2102,2127,5
2103,2128,6
2104,2129,56
2105,2130,62
2106,2131,36
2107,2132,13
2108,2133,28
2109,2134,15
2110,2135,59
2111,2136,20
2112,2137,33
2113,2139,25
2114,2140,22
2115,116,16
2116,2141,23
2117,2142,26
2118,2138,63
2119,2143,38
2120,2144,27
2121,4969,29
2122,2145,3
2123,2095,12
2124,117,16
2125,2146,66
2126,2147,59
2127,2148,37
2128,2149,20
2129,2150,33
2130,2151,36
2131,2152,12
2132,2154,15
2133,2155,8
2134,2156,9
2135,2157,73
2136,2158,5
2137,2160,18
2138,2161,19
2139,2162,54
2140,2163,35
2141,2164,39
2142,2165,34
2143,2166,17
2144,2168,24
2145,2169,42
2146,2170,6
2147,2171,13
2148,2172,63
2149,2173,26
2150,2174,27
2151,2175,38
2152,2176,61
2153,4970,29
2154,2167,25
2155,2177,24
2156,2178,6
2157,2179,64
2158,2180,62
2159,2181,13
2160,2182,66
2161,2183,73
2162,2184,36
2163,2185,12
2164,2186,28
2165,2187,20
2166,2188,33
2167,2189,15
2168,2190,54
2169,2191,34
2170,2192,35
2171,2193,8
2172,2194,9
2173,2195,18
2174,2196,19
2175,118,16
2176,2197,54
2177,2198,26
2178,2199,38
2179,2200,27
2180,4971,29
2181,2201,25
2182,2203,3
2183,2204,63
2184,2205,13
2185,2206,24
2186,2207,64
2187,2208,66
2188,2209,73
2189,2210,5
2190,2211,20
2191,2212,12
2192,2214,15
2193,2215,54
2194,2216,8
2195,2217,9
2196,2218,18
2197,2219,19
2198,2220,17
2199,2221,26
2200,2222,38
2201,2223,27
2202,2213,28
2203,2153,28
2204,2224,59
2205,119,16
2206,2225,33
2207,2226,23
2208,2246,64
2209,2241,24
2210,2243,62
2211,2244,6
2212,2245,13
2213,2242,42
2214,2227,54
2215,2228,8
2216,2229,9
2217,2230,18
2218,2231,17
2219,2232,35
2220,2247,43
2221,2233,66
2222,2234,73
2223,2235,5
2224,2236,36
2225,2238,15
2226,2240,20
2227,2239,37
2228,2248,61
2229,2250,38
2230,120,16
2231,2251,26
2232,2249,41
2233,2252,27
2234,4972,29
2235,2253,54
2236,2254,8
2237,2255,9
2238,2256,19
2239,2257,17
2240,2258,35
2241,2259,66
2242,2260,73
2243,2261,5
2244,2262,20
2245,2263,12
2246,2264,28
2247,2265,59
2248,2266,37
2249,2267,24
2250,2268,42
2251,2270,13
2252,2271,62
2253,2269,6
2254,121,16
2255,4973,29
2256,2272,15
2257,2273,33
2258,2274,3
2259,2275,26
2260,2276,27
2261,2277,38
2262,2237,12
2263,4974,29
2264,2278,23
2265,2279,24
2266,2280,6
2267,2281,64
2268,2282,13
2269,2283,22
2270,2284,66
2271,2285,73
2272,2286,5
2273,2287,37
2274,2288,12
2275,2289,28
2276,2290,9
2277,2291,15
2278,2292,54
2279,2293,58
2280,2294,8
2281,2295,35
2282,2296,18
2283,2297,19
2284,2298,17
2285,2299,26
2286,2301,27
2287,2300,38
2288,2302,33
2289,2303,20
2290,122,16
2291,2304,3
2292,2305,54
2293,2306,8
2294,2307,9
2295,2308,18
2296,2309,19
2297,2310,17
2298,2311,35
2299,2313,66
2300,2312,34
2301,2159,40
2302,2314,40
2303,2315,73
2304,2316,5
2305,2317,20
2306,2318,36
2307,2319,12
2308,2320,28
2309,2321,15
2310,2322,59
2311,2323,24
2312,2324,42
2313,2325,6
2314,2326,62
2315,2327,13
2316,2328,64
2317,2329,33
2318,2330,38
2319,2331,27
2320,2332,26
2321,123,16
2322,4975,29
2323,2333,25
2324,2202,25
2325,2334,48
2326,2335,3
2327,2336,24
2328,2337,42
2329,2338,54
2330,2339,17
2331,2340,6
2332,2341,64
2333,2342,13
2334,2343,18
2335,2344,35
2336,2345,66
2337,2346,73
2338,2347,5
2339,2348,8
2340,2349,9
2341,2350,20
2342,2351,33
2343,2352,36
2344,2353,19
2345,2354,12
2346,2355,28
2347,2356,15
2348,2357,37
2349,2358,59
2350,2359,27
2351,2360,38
2352,4976,29
2353,2362,9
2354,2363,54
2355,2365,19
2356,2366,35
2357,2367,34
2358,2368,62
2359,2369,24
2360,2370,42
2361,2371,73
2362,2373,6
2363,2375,33
2364,2377,36
2365,2378,12
2366,2379,28
2367,2380,15
2368,2381,64
2369,2382,37
2370,2383,26
2371,125,16
2372,2384,26
2373,2385,27
2374,2372,13
2375,2386,23
2376,2387,3
2377,2388,66
2378,2389,54
2379,2390,73
2380,2391,64
2381,2392,8
2382,2394,19
2383,2395,17
2384,2396,25
2385,2397,24
2386,2398,5
2387,2399,62
2388,2400,13
2389,2401,66
2390,2402,12
2391,2403,15
2392,2404,59
2393,2405,20
2394,2406,33
2395,2407,28
2396,2408,26
2397,126,16
2398,2361,38
2399,2364,18
2400,2374,59
2401,2376,20
2402,2393,8
2403,4977,29
2404,2410,38
2405,2411,65
2406,4978,29
2407,2409,46
2408,2412,48
2409,2413,23
2410,2414,9
2411,2415,24
2412,2416,42
2413,2417,62
2414,2418,6
2415,2419,64
2416,2420,13
2417,2421,43
2418,2422,66
2419,2423,5
2420,2424,36
2421,2425,12
2422,2426,28
2423,2427,15
2424,2428,37
2425,2429,54
2426,2430,73
2427,2431,40
2428,2432,18
2429,2434,17
2430,127,16
2431,124,16
2432,2435,26
2433,2436,38
2434,2433,18
2435,2437,27
2436,2438,23
2437,2440,3
2438,2441,24
2439,2442,54
2440,2443,66
2441,2444,5
2442,2445,6
2443,2446,8
2444,2447,9
2445,2448,35
2446,2449,28
2447,2450,17
2448,2451,20
2449,2453,64
2450,2454,19
2451,2455,59
2452,2456,13
2453,2457,37
2454,2458,48
2455,128,16
2456,2459,61
2457,2460,26
2458,4979,29
2459,2462,66
2460,2463,73
2461,2464,5
2462,2465,20
2463,2466,36
2464,2467,12
2465,2469,15
2466,2470,37
2467,2471,24
2468,2472,42
2469,2473,62
2470,2474,6
2471,2475,8
2472,2476,9
2473,2477,10
2474,2478,13
2475,2479,18
2476,2480,19
2477,2481,35
2478,2482,39
2479,2468,28
2480,2483,22
2481,2484,48
2482,2485,46
2483,129,16
2484,4980,29
2485,2486,17
2486,2487,27
2487,2488,38
2488,2489,64
2489,2490,33
2490,2491,54
2491,2492,3
2492,2493,66
2493,2494,73
2494,2495,5
2495,2496,8
2496,2497,9
2497,2498,36
2498,2499,12
2499,2501,20
2500,2502,15
2501,2503,37
2502,2504,25
2503,2505,54
2504,2506,62
2505,2507,13
2506,2508,6
2507,2509,63
2508,2510,34
2509,2452,33
2510,2514,19
2511,2515,40
2512,2516,17
2513,2517,35
2514,2439,23
2515,2518,24
2516,130,16
2517,2519,46
2518,2520,41
2519,2500,28
2520,2521,61
2521,2522,3
2522,2523,24
2523,2524,54
2524,2525,6
2525,2526,64
2526,2527,13
2527,2528,63
2528,2529,62
2529,2530,18
2530,2532,39
2531,2533,35
2532,2531,19
2533,2534,17
2534,2535,66
2535,2536,73
2536,2537,5
2537,2538,8
2538,2539,9
2539,2540,36
2540,2541,12
2541,2542,28
2542,2543,15
2543,2544,59
2544,2545,23
2545,2461,26
2546,2546,23
2547,2547,61
2548,2548,46
2549,2549,38
2550,131,16
2551,2550,27
2552,2551,27
2553,2552,38
2554,2553,64
2555,2512,33
2556,2554,22
2557,2555,26
2558,2556,54
2559,2557,73
2560,2558,8
2561,2559,9
2562,2560,18
2563,2561,19
2564,2562,40
2565,2563,35
2566,2564,39
2567,2565,6
2568,2566,24
2569,2567,13
2570,2568,33
2571,2569,64
2572,2570,63
2573,2571,66
2574,2572,36
2575,2574,28
2576,2575,15
2577,2576,37
2578,2577,59
2579,132,16
2580,4981,29
2581,2578,61
2582,2579,26
2583,2580,38
2584,2581,27
2585,2582,3
2586,2583,54
2587,2584,66
2588,2585,73
2589,2586,5
2590,2587,8
2591,2588,9
2592,2589,12
2593,2590,28
2594,2591,15
2595,2592,18
2596,2593,19
2597,2594,64
2598,2597,24
2599,2598,13
2600,2599,18
2601,2513,18
2602,2600,26
2603,2602,27
2604,133,16
2605,2603,46
2606,2604,23
2607,2573,12
2608,4983,29
2609,2596,25
2610,2595,17
2611,2605,54
2612,2606,66
2613,2607,73
2614,2608,5
2615,2609,8
2616,2610,9
2617,2611,37
2618,2612,36
2619,2613,15
2620,2614,59
2621,2615,18
2622,2616,17
2623,2617,35
2624,2618,39
2625,2619,24
2626,2620,6
2627,2621,12
2628,2622,33
2629,2623,62
2630,2624,64
2631,2625,13
2632,2626,26
2633,134,16
2634,2511,34
2635,2628,27
2636,2627,38
2637,4982,29
2638,4984,29
2639,2629,3
2640,2630,54
2641,2631,73
2642,2632,5
2643,2636,19
2644,2637,17
2645,2638,18
2646,2641,66
2647,2642,6
2648,2643,33
2649,2645,36
2650,2646,12
2651,2647,28
2652,2648,15
2653,2649,37
2654,2650,24
2655,2651,64
2656,2652,13
2657,135,16
2658,2635,35
2659,2654,38
2660,2655,26
2661,2656,27
2662,4985,29
2663,2657,3
2664,2658,73
2665,2659,8
2666,2660,9
2667,2661,19
2668,2662,17
2669,2663,35
2670,2664,39
2671,2665,24
2672,2666,66
2673,1754,39
2674,2668,6
2675,2669,33
2676,2670,64
2677,2672,28
2678,2673,15
2679,2674,62
2680,2675,13
2681,2676,26
2682,2677,38
2683,2639,43
2684,2633,8
2685,2634,9
2686,2653,59
2687,136,16
2688,2679,23
2689,2667,5
2690,2671,12
2691,2601,61
2692,2680,27
2693,2681,3
2694,2682,24
2695,2684,54
2696,2685,73
2697,2686,5
2698,2687,6
2699,2688,8
2700,2689,9
2701,2690,37
2702,2691,36
2703,2692,12
2704,2693,37
2705,2694,62
2706,2644,62
2707,2683,54
2708,2695,13
2709,2696,19
2710,2697,17
2711,2698,39
2712,2699,35
2713,2700,28
2714,2701,20
2715,2640,25
2716,2702,66
2717,2703,15
2718,2704,46
2719,2705,23
2720,137,16
2721,2706,27
2722,2707,38
2723,2678,46
2724,4986,29
2725,2708,33
2726,2709,3
2727,138,16
2728,2710,26
2729,2711,54
2730,2712,73
2731,2713,5
2732,2714,35
2733,2715,8
2734,2716,39
2735,2717,40
2736,2718,17
2737,2719,18
2738,2720,19
2739,2721,24
2740,2722,66
2741,2723,6
2742,2724,33
2743,2725,9
2744,2726,37
2745,2727,59
2746,2728,36
2747,2729,12
2748,2730,28
2749,2731,15
2750,2732,13
2751,2733,64
2752,2734,26
2753,2735,38
2754,2737,67
2755,2736,67
2756,2738,27
2757,2739,61
2758,2740,13
2759,2741,64
2760,2742,24
2761,2745,6
2762,2746,8
2763,2747,9
2764,2748,39
2765,2749,12
2766,2751,15
2767,2752,18
2768,2753,19
2769,2754,62
2770,2755,37
2771,2744,66
2772,2757,33
2773,2758,73
2774,139,16
2775,2750,28
2776,4988,29
2777,2759,26
2778,2743,54
2779,2756,35
2780,4987,29
2781,2760,46
2782,2761,3
2783,2762,24
2784,2763,54
2785,2764,66
2786,2766,5
2787,2767,8
2788,2768,9
2789,2769,33
2790,2770,64
2791,2771,13
2792,2772,36
2793,2773,12
2794,2774,15
2795,2775,28
2796,2765,73
2797,2776,9
2798,2777,18
2799,2778,19
2800,2779,59
2801,2780,40
2802,2781,17
2803,2782,46
2804,4990,29
2805,2783,26
2806,2784,38
2807,2785,27
2808,2786,27
2809,2787,38
2810,2788,27
2811,140,16
2812,4989,29
2813,2789,54
2814,2790,73
2815,2791,8
2816,2792,9
2817,2793,18
2818,2794,35
2819,2795,24
2820,2796,66
2821,2797,5
2822,2798,17
2823,2801,36
2824,2802,12
2825,2803,15
2826,2804,37
2827,2805,13
2828,2806,67
2829,2808,68
2830,2799,6
2831,2800,62
2832,2809,46
2833,4991,29
2834,141,16
2835,2811,27
2836,2810,38
2837,2812,26
2838,2813,3
2839,2814,24
2840,2815,24
2841,2816,42
2842,2817,54
2843,2818,66
2844,2819,73
2845,2820,5
2846,2821,6
2847,2822,8
2848,2823,9
2849,2824,13
2850,2826,64
2851,2827,33
2852,2828,15
2853,2829,68
2854,2830,19
2855,2831,37
2856,2832,17
2857,2833,35
2858,2834,46
2859,2835,62
2860,142,16
2861,2836,38
2862,2837,26
2863,2838,67
2864,2839,23
2865,2807,68
2866,2840,27
2867,2841,54
2868,2842,58
2869,2843,66
2870,2844,8
2871,2845,9
2872,2848,28
2873,2849,17
2874,2850,15
2875,2851,35
2876,2852,40
2877,2853,18
2878,2854,19
2879,2855,37
2880,2856,69
2881,2857,24
2882,2858,42
2883,2859,13
2884,2860,6
2885,2861,68
2886,2862,64
2887,2863,33
2888,2864,62
2889,2865,61
2890,2866,12
2891,2867,26
2892,2868,38
2893,143,16
2894,2846,5
2895,2869,27
2896,2825,28
2897,2870,3
2898,2871,54
2899,2872,5
2900,2873,8
2901,2874,9
2902,2875,36
2903,2876,12
2904,2877,28
2905,2878,15
2906,2879,18
2907,2880,19
2908,2881,17
2909,2882,35
2910,2883,39
2911,2884,24
2912,2885,42
2913,2886,6
2914,2887,64
2915,2888,33
2916,2889,68
2917,2890,62
2918,2891,13
2919,2892,61
2920,2893,66
2921,144,16
2922,2894,38
2923,2895,26
2924,4992,29
2925,4993,29
2926,2896,23
2927,2897,46
2928,2898,46
2929,2899,27
2930,4994,29
2931,2900,3
2932,2901,54
2933,2902,8
2934,2903,9
2935,2904,18
2936,2905,19
2937,2907,39
2938,2909,42
2939,2910,66
2940,2911,73
2941,2906,17
2942,2912,5
2943,2913,6
2944,2914,13
2945,2915,64
2946,2916,36
2947,2917,12
2948,2918,28
2949,2919,33
2950,2920,15
2951,2921,69
2952,2922,68
2953,2923,37
2954,2924,59
2955,2925,23
2956,145,16
2957,2928,46
2958,2929,41
2959,2847,59
2960,2930,20
2961,2931,26
2962,2932,38
2963,2937,73
2964,2939,6
2965,2940,64
2966,2941,36
2967,2943,28
2968,2945,18
2969,2946,35
2970,2947,37
2971,2938,62
2972,2948,20
2973,2949,8
2974,2950,9
2975,2951,54
2976,2934,24
2977,2953,26
2978,2954,27
2979,2933,38
2980,2956,46
2981,4996,29
2982,2936,66
2983,2958,42
2984,2960,66
2985,2961,73
2986,2962,5
2987,2963,8
2988,2964,9
2989,2965,13
2990,2968,15
2991,2970,18
2992,2971,59
2993,2972,62
2994,2973,17
2995,2974,64
2996,2975,68
2997,2976,33
2998,146,16
2999,147,16
3000,4995,29
3001,2978,26
3002,2979,38
3003,2980,27
3004,2981,13
3005,2982,3
3006,2983,24
3007,2984,42
3008,2985,54
3009,2987,73
3010,2988,5
3011,2989,6
3012,2990,8
3013,2991,9
3014,2992,13
3015,2993,36
3016,2994,12
3017,2996,17
3018,2997,37
3019,2998,40
3020,2999,35
3021,3000,68
3022,2986,66
3023,148,16
3024,2966,12
3025,2967,12
3026,3002,26
3027,3004,27
3028,2926,23
3029,2957,46
3030,2995,15
3031,3007,8
3032,3008,9
3033,3009,39
3034,3010,18
3035,3011,19
3036,3012,35
3037,3013,13
3038,3014,24
3039,3015,42
3040,3016,66
3041,3017,5
3042,3018,6
3043,3019,64
3044,3020,20
3045,3022,12
3046,3023,28
3047,3024,15
3048,3025,62
3049,3026,68
3050,3027,39
3051,3028,37
3052,3029,25
3053,3030,26
3054,3032,27
3055,3006,43
3056,3003,38
3057,3033,25
3058,3035,66
3059,3036,39
3060,3037,8
3061,3038,9
3062,3039,64
3063,3040,18
3064,3041,19
3065,3042,17
3066,3044,24
3067,3045,42
3068,3046,68
3069,3047,69
3070,3048,73
3071,3049,5
3072,3050,6
3073,3051,62
3074,3052,20
3075,3053,33
3076,3054,36
3077,3055,12
3078,3057,15
3079,3058,13
3080,3059,59
3081,3060,37
3082,149,16
3083,3061,17
3084,3062,3
3085,3063,54
3086,3064,66
3087,3065,73
3088,3066,37
3089,3067,59
3090,3068,8
3091,3069,9
3092,3070,20
3093,3071,28
3094,3072,35
3095,3075,19
3096,3077,40
3097,3079,25
3098,3080,24
3099,3081,42
3100,3082,62
3101,3083,6
3102,3084,68
3103,3085,13
3104,3086,33
3105,3087,5
3106,150,16
3107,3089,38
3108,2959,42
3109,2908,39
3110,2952,54
3111,3001,67
3112,3043,35
3113,151,16
3114,3088,26
3115,3091,26
3116,3092,23
3117,3078,17
3118,3093,61
3119,3073,15
3120,3094,38
3121,5000,29
3122,2927,23
3123,3031,38
3124,4998,29
3125,3005,54
3126,3034,54
3127,3095,27
3128,3090,27
3129,2955,27
3130,2935,24
3131,2944,28
3132,4997,29
3133,3096,67
3134,4999,29
3135,2969,15
3136,3097,24
3137,3021,20
3138,3076,19
3139,2977,33
3140,3098,3
3141,3099,54
3142,3100,66
3143,3101,73
3144,3102,5
3145,3103,8
3146,3104,9
3147,3105,59
3148,3106,20
3149,3107,33
3150,3108,36
3151,3109,28
3152,3110,15
3153,3111,37
3154,3112,18
3155,3113,19
3156,3114,17
3157,3115,35
3158,3116,24
3159,3117,42
3160,3118,69
3161,3119,6
3162,3120,68
3163,3121,13
3164,3122,67
3165,3056,12
3166,3124,64
3167,3123,12
3168,2942,33
3169,152,16
3170,3125,38
3171,3126,27
3172,3127,26
3173,3128,23
3174,5001,29
3175,3129,54
3176,3130,66
3177,3131,73
3178,3132,8
3179,3133,9
3180,3134,36
3181,3135,20
3182,3136,33
3183,3138,28
3184,3139,15
3185,3140,19
3186,3141,35
3187,3142,37
3188,3143,55
3189,3137,12
3190,3074,18
3191,3144,24
3192,3145,42
3193,3146,6
3194,3147,68
3195,3148,64
3196,3149,13
3197,3150,25
3198,3151,23
3199,3152,26
3200,3153,38
3201,153,16
3202,3154,27
3203,3155,61
3204,5002,29
3205,3157,3
3206,3158,25
3207,3159,54
3208,3160,24
3209,3161,42
3210,3162,13
3211,3163,62
3212,3164,8
3213,3165,9
3214,3166,64
3215,3167,18
3216,3168,19
3217,3169,20
3218,3170,33
3219,3171,66
3220,3172,73
3221,3173,5
3222,3174,12
3223,3175,28
3224,3176,15
3225,3177,26
3226,3178,17
3227,3179,38
3228,154,16
3229,3180,46
3230,3181,27
3231,3182,55
3232,3156,55
3233,3183,54
3234,3184,40
3235,3185,8
3236,3186,9
3237,3187,35
3238,3188,18
3239,3189,66
3240,3190,73
3241,3192,37
3242,3193,12
3243,3194,15
3244,3195,59
3245,3196,6
3246,3197,68
3247,3198,13
3248,3199,27
3249,155,16
3250,3200,61
3251,3201,1
3252,3202,26
3253,3203,38
3254,3204,17
3255,3205,18
3256,3206,3
3257,3207,55
3258,3208,54
3259,3209,1
3260,3210,8
3261,3211,9
3262,3212,19
3263,3213,35
3264,3214,17
3265,3216,66
3266,3217,62
3267,3215,25
3268,3218,5
3269,3219,6
3270,3220,69
3271,3221,68
3272,3222,64
3273,3223,13
3274,3224,12
3275,3225,28
3276,3226,15
3277,3227,37
3278,3191,5
3279,156,16
3280,3228,27
3281,3229,24
3282,3230,42
3283,3231,26
3284,3232,33
3285,3233,20
3286,5003,29
3287,3234,38
3288,3236,1
3289,3237,24
3290,3238,42
3291,3239,54
3292,3240,66
3293,3241,73
3294,3242,62
3295,3243,5
3296,3244,6
3297,3245,8
3298,3246,9
3299,3247,36
3300,3248,69
3301,3249,68
3302,3250,12
3303,3251,28
3304,3252,15
3305,3253,64
3306,3254,18
3307,3255,19
3308,3256,59
3309,3257,35
3310,3258,46
3311,3259,37
3312,3260,13
3313,157,16
3314,3261,43
3315,5004,29
3316,3264,26
3317,3263,27
3318,3262,38
3319,5005,29
3320,3265,17
3321,3266,33
3322,3267,20
3323,3269,55
3324,3235,55
3325,3270,66
3326,3271,73
3327,3272,5
3328,3273,37
3329,3274,20
3330,3275,33
3331,3276,36
3332,3277,28
3333,3278,15
3334,3279,25
3335,3280,24
3336,3281,42
3337,3282,13
3338,3283,6
3339,3284,8
3340,3285,9
3341,3286,62
3342,3287,68
3343,3288,18
3344,3289,19
3345,3292,35
3346,3293,54
3347,3294,12
3348,3295,64
3349,3296,23
3350,3297,46
3351,3298,23
3352,158,16
3353,3299,41
3354,5006,29
3355,3291,17
3356,3290,40
3357,3300,26
3358,3301,1
3359,3302,38
3360,3303,27
3361,3304,3
3362,3268,3
3363,3305,55
3364,3306,66
3365,3307,73
3366,3308,5
3367,3309,33
3368,3310,20
3369,3311,36
3370,3312,12
3371,3313,28
3372,3314,15
3373,3315,37
3374,3317,54
3375,3318,8
3376,3320,18
3377,3321,19
3378,3323,35
3379,3324,24
3380,3325,42
3381,3326,6
3382,3327,64
3383,3328,13
3384,3329,69
3385,3330,68
3386,3332,46
3387,159,16
3388,3334,41
3389,5007,29
3390,3331,61
3391,3335,27
3392,3322,17
3393,3337,26
3394,3338,23
3395,3339,55
3396,3340,24
3397,3341,42
3398,3342,54
3399,3343,66
3400,3344,73
3401,3345,6
3402,3346,8
3403,3347,9
3404,3348,64
3405,3349,59
3406,3350,13
3407,3352,12
3408,3353,28
3409,3354,20
3410,3355,33
3411,3356,15
3412,3357,35
3413,3358,18
3414,3359,19
3415,3361,68
3416,3362,62
3417,3363,61
3418,3364,26
3419,3365,38
3420,3366,27
3421,3351,1
3422,3367,55
3423,3368,24
3424,3369,42
3425,3370,54
3426,3371,66
3427,3372,73
3428,3373,13
3429,3374,8
3430,3375,5
3431,3376,9
3432,3377,20
3433,3378,36
3434,3379,12
3435,3380,28
3436,3381,15
3437,3382,18
3438,3383,19
3439,3384,62
3440,3386,23
3441,160,16
3442,161,16
3443,3336,38
3444,3333,46
3445,3316,1
3446,3360,37
3447,3387,1
3448,3388,26
3449,3390,38
3450,3319,9
3451,5008,29
3452,5009,29
3453,3391,25
3454,3392,61
3455,3393,27
3456,3394,3
3457,3395,55
3458,3396,33
3459,3397,43
3460,3398,25
3461,3399,24
3462,3400,66
3463,3401,5
3464,3402,6
3465,3403,73
3466,3404,12
3467,3405,15
3468,3406,37
3469,3407,68
3470,3408,13
3471,3409,54
3472,3410,1
3473,3411,8
3474,3412,9
3475,3413,18
3476,3414,17
3477,3415,35
3478,3417,46
3479,3419,46
3480,3420,61
3481,162,16
3482,3421,38
3483,3385,61
3484,3422,26
3485,3423,27
3486,5010,29
3487,3424,55
3488,3425,62
3489,3426,24
3490,3428,54
3491,3429,13
3492,3430,6
3493,3431,8
3494,3432,9
3495,3433,64
3496,3427,42
3497,3434,40
3498,3435,35
3499,3437,66
3500,3438,5
3501,3439,12
3502,3440,28
3503,3441,15
3504,3442,20
3505,3443,33
3506,3444,37
3507,3445,1
3508,3446,23
3509,3447,46
3510,5011,29
3511,3436,17
3512,163,16
3513,3448,41
3514,3416,67
3515,3449,27
3516,3450,38
3517,3451,3
3518,3453,24
3519,3454,42
3520,3455,54
3521,3456,13
3522,3457,6
3523,3458,8
3524,3459,9
3525,3460,68
3526,3461,69
3527,3463,61
3528,3464,1
3529,3465,18
3530,3466,19
3531,3467,25
3532,3469,66
3533,3470,73
3534,3471,5
3535,3472,20
3536,3473,33
3537,3474,12
3538,3475,28
3539,3476,15
3540,3477,37
3541,3462,61
3542,165,16
3543,3468,17
3544,3478,26
3545,5012,29
3546,3479,26
3547,3480,3
3548,164,16
3549,3482,54
3550,3483,1
3551,3484,8
3552,3485,9
3553,3486,18
3554,3487,19
3555,3488,35
3556,3489,61
3557,3490,61
3558,3492,28
3559,3493,24
3560,3494,42
3561,3495,66
3562,3496,5
3563,3497,6
3564,3498,62
3565,3499,20
3566,3500,33
3567,3501,13
3568,3502,36
3569,3503,15
3570,3504,37
3571,3505,12
3572,3506,68
3573,3507,17
3574,3508,26
3575,3509,38
3576,3510,67
3577,3481,55
3578,3452,55
3579,3511,61
3580,5013,29
3581,3512,55
3582,3513,3
3583,166,16
3584,3491,25
3585,3514,54
3586,3516,8
3587,3517,9
3588,3518,18
3589,3519,19
3590,3520,35
3591,3522,40
3592,3523,24
3593,3524,42
3594,3525,6
3595,3526,13
3596,3527,64
3597,3528,69
3598,3529,68
3599,3530,20
3600,3531,33
3601,3532,22
3602,3533,66
3603,3534,73
3604,3535,5
3605,3536,36
3606,3537,12
3607,3538,28
3608,3539,15
3609,3540,37
3610,3541,59
3611,3542,61
3612,3543,26
3613,3521,17
3614,3544,38
3615,3545,27
3616,167,16
3617,3418,22
3618,3546,46
3619,3548,24
3620,3549,42
3621,3550,54
3622,3551,64
3623,3552,6
3624,3553,13
3625,3554,8
3626,3555,9
3627,3515,1
3628,3556,1
3629,3557,18
3630,3558,19
3631,3559,35
3632,3560,68
3633,3561,62
3634,3562,66
3635,3563,73
3636,3564,36
3637,3565,28
3638,3566,15
3639,3567,37
3640,3568,20
3641,3569,33
3642,3570,12
3643,3571,26
3644,3572,27
3645,3573,38
3646,5014,29
3647,3574,46
3648,3575,23
3649,3547,55
3650,3576,3
3651,3577,55
3652,3578,66
3653,3579,73
3654,3580,5
3655,3581,12
3656,3582,28
3657,3583,15
3658,3584,17
3659,3585,54
3660,3586,9
3661,3587,18
3662,3588,19
3663,3589,24
3664,3590,42
3665,3592,68
3666,3593,13
3667,3594,8
3668,3595,62
3669,168,16
3670,3596,26
3671,3597,38
3672,3598,27
3673,3389,17
3674,3600,20
3675,3601,33
3676,3602,55
3677,3603,66
3678,3604,73
3679,3605,5
3680,3606,36
3681,3607,12
3682,3608,28
3683,3609,15
3684,3610,1
3685,3611,54
3686,3612,43
3687,3613,8
3688,3614,9
3689,3615,18
3690,3616,35
3691,3617,24
3692,3618,42
3693,3619,13
3694,3620,6
3695,3621,69
3696,3622,22
3697,3623,68
3698,5015,29
3699,3624,67
3700,3599,1
3701,3625,17
3702,3626,1
3703,3627,23
3704,169,16
3705,3628,27
3706,3629,38
3707,3630,26
3708,3631,67
3709,3632,3
3710,3633,55
3711,3634,54
3712,3635,66
3713,3636,5
3714,3637,8
3715,3638,9
3716,3639,40
3717,3640,64
3718,3641,35
3719,3642,12
3720,3644,15
3721,3645,18
3722,3646,19
3723,3647,37
3724,3648,23
3725,3649,46
3726,3652,42
3727,3653,6
3728,3654,68
3729,3655,62
3730,3656,13
3731,3657,1
3732,3650,25
3733,3651,24
3734,3658,41
3735,3659,38
3736,170,16
3737,5016,29
3738,3661,27
3739,3662,20
3740,3663,33
3741,5017,29
3742,3666,54
3743,3667,66
3744,3668,73
3745,3669,5
3746,3670,8
3747,3671,9
3748,3672,36
3749,3673,28
3750,3674,15
3751,3675,18
3752,3676,19
3753,3677,37
3754,3678,59
3755,3679,35
3756,3680,24
3757,3681,42
3758,3682,6
3759,3683,13
3760,3684,36
3761,3685,12
3762,3686,20
3763,3688,62
3764,3690,69
3765,3691,46
3766,3692,46
3767,171,16
3768,3665,1
3769,3689,17
3770,3693,26
3771,3660,26
3772,3694,68
3773,3695,38
3774,3696,27
3775,3643,28
3776,3697,3
3777,3698,55
3778,3664,55
3779,3699,66
3780,3700,73
3781,3701,5
3782,3702,36
3783,3703,33
3784,3704,20
3785,3705,12
3786,3706,28
3787,3707,15
3788,3708,37
3789,3709,25
3790,3710,24
3791,3711,42
3792,3713,6
3793,3714,8
3794,3715,9
3795,3716,64
3796,3717,17
3797,3718,34
3798,3719,18
3799,3720,19
3800,3721,13
3801,3722,68
3802,3723,35
3803,5018,29
3804,3724,54
3805,172,16
3806,3725,38
3807,3726,26
3808,3727,27
3809,3728,23
3810,3687,33
3811,3729,3
3812,3730,55
3813,3731,54
3814,3733,8
3815,3734,9
3816,3735,1
3817,3736,18
3818,3737,19
3819,3732,34
3820,3738,35
3821,3740,24
3822,3741,42
3823,3742,66
3824,3743,73
3825,3744,5
3826,3745,6
3827,3746,36
3828,3747,33
3829,3748,20
3830,3750,28
3831,3751,15
3832,3752,13
3833,3753,37
3834,3754,68
3835,3755,69
3836,3756,59
3837,3757,46
3838,3758,22
3839,3749,12
3840,3759,23
3841,173,16
3842,3760,27
3843,3761,38
3844,3763,17
3845,3764,26
3846,3762,25
3847,3739,17
3848,3765,55
3849,3766,66
3850,3767,73
3851,3768,54
3852,3769,34
3853,3771,9
3854,3772,33
3855,3773,20
3856,3774,36
3857,3775,12
3858,3776,28
3859,3777,15
3860,3778,18
3861,3779,19
3862,3780,37
3863,3781,24
3864,3784,6
3865,3712,1
3866,3786,25
3867,3787,13
3868,3788,35
3869,3789,68
3870,3770,8
3871,3783,1
3872,3785,26
3873,3790,38
3874,3791,27
3875,3792,3
3876,3793,55
3877,3794,54
3878,3796,61
3879,3797,9
3880,3798,35
3881,3799,18
3882,3800,19
3883,3801,34
3884,3802,46
3885,3803,66
3886,3804,12
3887,3805,15
3888,3806,73
3889,3807,36
3890,3808,28
3891,3809,64
3892,3810,20
3893,3812,59
3894,3813,25
3895,3814,24
3896,3815,42
3897,3816,5
3898,3817,13
3899,3818,6
3900,174,16
3901,5019,29
3902,3811,68
3903,3782,42
3904,3819,17
3905,3795,1
3906,3820,26
3907,175,16
3908,3821,38
3909,3822,67
3910,3823,55
3911,3827,54
3912,3828,66
3913,3829,73
3914,3832,6
3915,3833,33
3916,3834,8
3917,3835,9
3918,3836,13
3919,3837,40
3920,3838,12
3921,3839,28
3922,3840,34
3923,3841,15
3924,3842,69
3925,3843,68
3926,3844,18
3927,3845,19
3928,3846,37
3929,3847,35
3930,3849,3
3931,3825,24
3932,3850,25
3933,3824,43
3934,3851,38
3935,3852,27
3936,3848,17
3937,3830,1
3938,3853,26
3939,176,16
3940,3854,23
3941,3831,5
3942,3855,55
3943,3856,24
3944,3858,6
3945,3859,68
3946,3861,15
3947,3862,66
3948,3863,12
3949,3864,36
3950,3865,37
3951,3866,73
3952,3867,5
3953,3868,8
3954,3869,9
3955,3870,34
3956,3871,18
3957,3873,54
3958,3876,33
3959,3875,20
3960,3878,25
3961,3860,13
3962,3857,42
3963,3826,42
3964,177,16
3965,3879,27
3966,3880,38
3967,3874,17
3968,3877,1
3969,3881,26
3970,3872,35
3971,5020,29
3972,3591,25
3973,3882,3
3974,3883,55
3975,3884,15
3976,3885,12
3977,3886,66
3978,3887,73
3979,3888,64
3980,3889,20
3981,3890,5
3982,3891,37
3983,3892,59
3984,3893,36
3985,3894,24
3986,3895,42
3987,3896,6
3988,3897,13
3989,3898,68
3990,3899,8
3991,3900,9
3992,3902,34
3993,3903,54
3994,3904,19
3995,3905,35
3996,3908,33
3997,3909,27
3998,178,16
3999,3910,38
4000,3911,61
4001,3912,39
4002,3907,39
4003,3913,26
4004,3901,17
4005,3906,1
4006,3922,3
4007,3923,55
4008,3924,54
4009,3925,8
4010,3927,1
4011,3928,18
4012,3929,19
4013,3930,39
4014,3932,34
4015,3933,35
4016,3934,40
4017,3926,9
4018,3935,28
4019,3936,20
4020,3937,66
4021,3938,12
4022,3939,15
4023,3940,36
4024,3941,5
4025,3942,42
4026,3943,24
4027,3944,64
4028,3945,68
4029,3946,6
4030,3947,69
4031,3948,13
4032,3949,73
4033,3950,33
4034,3919,15
4035,3918,68
4036,3917,37
4037,3916,42
4038,3915,25
4039,3914,55
4040,179,16
4041,3951,27
4042,3920,38
4043,3921,27
4044,3952,26
4045,3931,17
4046,3953,38
4047,3954,55
4048,3955,33
4049,3956,20
4050,3957,66
4051,3958,15
4052,3959,12
4053,3960,37
4054,3961,36
4055,3962,28
4056,3963,73
4057,3964,8
4058,3965,9
4059,3966,54
4060,3967,18
4061,3968,19
4062,3969,35
4063,3970,39
4064,3971,34
4065,3973,42
4066,3974,6
4067,3975,68
4068,3976,64
4069,3977,13
4070,3978,1
4071,180,16
4072,3979,27
4073,3980,61
4074,3981,46
4075,3982,46
4076,3983,59
4077,5021,29
4078,3984,26
4079,3985,61
4080,3986,55
4081,3987,54
4082,3990,8
4083,3991,9
4084,3992,18
4085,3993,19
4086,3994,34
4087,3996,43
4088,3997,24
4089,3972,24
4090,3998,42
4091,3999,66
4092,4000,73
4093,4001,5
4094,4002,12
4095,4003,28
4096,4004,33
4097,4005,20
4098,4006,15
4099,4007,25
4100,4008,13
4101,4009,68
4102,4010,46
4103,4011,38
4104,181,16
4105,3988,1
4106,3995,17
4107,4012,26
4108,4013,23
4109,5022,29
4110,3989,61
4111,4015,55
4112,4014,3
4113,4016,24
4114,4017,42
4115,4018,54
4116,4019,66
4117,4020,73
4118,4021,1
4119,4022,5
4120,4023,6
4121,4024,8
4122,4025,9
4123,4026,68
4124,4027,37
4125,4028,13
4126,4029,12
4127,4030,28
4128,4031,15
4129,4032,69
4130,4033,18
4131,4034,17
4132,4035,35
4133,4036,39
4134,4037,26
4135,4038,55
4136,4039,23
4137,4040,54
4138,4042,8
4139,4043,9
4140,4044,34
4141,4045,40
4142,4046,19
4143,4047,35
4144,4048,39
4145,4050,66
4146,4051,20
4147,4052,28
4148,4053,15
4149,4054,13
4150,4055,24
4151,4056,42
4152,4057,6
4153,4058,5
4154,4059,46
4155,182,16
4156,4060,61
4157,5023,29
4158,183,16
4159,4061,27
4160,4062,38
4161,4063,33
4162,4049,25
4163,4041,1
4164,4065,26
4165,5024,29
4166,4066,12
4167,4067,3
4168,4068,55
4169,4069,24
4170,4070,42
4171,4071,54
4172,4072,66
4173,4073,73
4174,4074,69
4175,4076,6
4176,4077,13
4177,4078,8
4178,4079,9
4179,4080,20
4180,4082,36
4181,4083,12
4182,4084,28
4183,4085,34
4184,4086,15
4185,4087,37
4186,4088,19
4187,4089,35
4188,184,16
4189,4075,5
4190,4091,39
4191,4092,17
4192,4064,17
4193,4081,1
4194,4093,26
4195,4094,23
4196,4095,38
4197,4096,27
4198,4097,33
4199,4098,3
4200,4099,55
4201,4100,24
4202,4101,42
4203,4102,54
4204,4103,66
4205,4104,73
4206,4105,13
4207,4106,5
4208,4107,6
4209,4108,8
4210,4109,9
4211,4110,20
4212,4112,36
4213,4114,12
4214,4115,28
4215,4116,37
4216,4117,34
4217,4118,15
4218,4119,59
4219,4120,68
4220,4121,18
4221,4122,19
4222,4123,39
4223,4124,35
4224,4126,25
4225,4090,18
4226,4127,46
4227,4128,46
4228,4125,17
4229,4113,1
4230,4129,26
4231,185,16
4232,4130,27
4233,4131,38
4234,4111,33
4235,4132,61
4236,4133,46
4237,4134,3
4238,4135,55
4239,4136,54
4240,4138,8
4241,4139,9
4242,4140,35
4243,4141,18
4244,4142,19
4245,4144,34
4246,4145,40
4247,4146,24
4248,4147,39
4249,4148,42
4250,4149,66
4251,4150,6
4252,4151,20
4253,4152,13
4254,4153,36
4255,4154,12
4256,4155,37
4257,4156,15
4258,4157,69
4259,4158,68
4260,4159,73
4261,4160,5
4262,4161,33
4263,4162,28
4264,4163,39
4265,4164,59
4266,4165,22
4267,186,16
4268,4166,23
4269,4167,46
4270,4168,46
4271,4137,1
4272,4169,26
4273,4143,17
4274,4170,25
4275,5026,29
4276,4171,42
4277,5025,29
4278,4173,38
4279,4174,55
4280,4175,24
4281,4176,42
4282,4177,54
4283,4178,66
4284,4180,73
4285,4182,6
4286,4183,20
4287,4184,36
4288,4185,12
4289,4186,28
4290,4187,68
4291,4188,15
4292,4189,18
4293,4190,19
4294,4191,34
4295,4192,35
4296,4193,39
4297,4194,26
4298,4179,67
4299,4195,33
4300,4196,8
4301,4197,9
4302,4198,38
4303,4199,27
4304,4172,27
4305,4181,1
4306,5027,29
4307,4200,3
4308,4201,55
4309,4202,24
4310,4203,42
4311,4204,54
4312,4205,66
4313,4206,73
4314,4207,13
4315,4208,5
4316,4209,20
4317,4210,33
4318,4211,8
4319,4212,9
4320,4214,12
4321,4215,28
4322,4216,15
4323,4217,68
4324,4218,18
4325,4219,19
4326,4220,67
4327,4221,22
4328,4222,25
4329,187,16
4330,188,16
4331,4224,61
4332,4213,1
4333,4225,26
4334,4226,17
4335,4227,38
4336,4223,61
4337,5028,29
4338,4228,27
4339,4229,55
4340,4230,66
4341,4231,73
4342,4232,5
4343,4233,36
4344,4234,12
4345,4235,28
4346,4236,15
4347,4237,37
4348,4239,24
4349,4240,42
4350,4241,54
4351,4242,9
4352,4243,8
4353,4244,6
4354,4245,35
4355,4246,17
4356,4247,13
4357,4248,18
4358,4249,40
4359,4250,34
4360,4251,39
4361,189,16
4362,4252,46
4363,5029,29
4364,4253,38
4365,4254,27
4366,4255,26
4367,4238,1
4368,4256,3
4369,4257,55
4370,4258,24
4371,4259,42
4372,4260,66
4373,4261,5
4374,4262,6
4375,4263,9
4376,4264,20
4377,4265,13
4378,4266,12
4379,4268,15
4380,4269,68
4381,4270,69
4382,4271,37
4383,4272,61
4384,4274,54
4385,4275,8
4386,4276,33
4387,4277,34
4388,4278,35
4389,4279,19
4390,4280,17
4391,4281,67
4392,4282,43
4393,4283,25
4394,4284,62
4395,4285,26
4396,4273,1
4397,4267,28
4398,4286,38
4399,190,16
4400,4287,27
4401,5030,29
4402,4288,55
4403,4289,24
4404,4290,42
4405,4291,54
4406,4292,66
4407,4293,73
4408,4294,5
4409,4295,6
4410,4296,61
4411,4297,8
4412,4298,9
4413,4299,13
4414,4300,36
4415,4301,12
4416,4302,28
4417,4303,34
4418,4304,15
4419,4306,18
4420,4307,19
4421,4308,37
4422,4309,35
4423,4310,39
4424,4311,46
4425,4312,46
4426,4313,23
4427,4314,31
4428,191,16
4429,4316,46
4430,4317,38
4431,4315,1
4432,4305,17
4433,4318,26
4434,4320,33
4435,4322,55
4436,4323,54
4437,4324,66
4438,4326,8
4439,4328,17
4440,4329,35
4441,4330,18
4442,4331,34
4443,4332,67
4444,4334,25
4445,4335,24
4446,4336,42
4447,4337,73
4448,4338,5
4449,4339,6
4450,4340,9
4451,4341,20
4452,4342,33
4453,4343,36
4454,4344,12
4455,4345,28
4456,4346,15
4457,4347,13
4458,4348,68
4459,4349,69
4460,4350,46
4461,4351,3
4462,4321,3
4463,4352,55
4464,4353,25
4465,4354,54
4466,4356,8
4467,4357,17
4468,4358,35
4469,4359,71
4470,4360,18
4471,4362,34
4472,4363,39
4473,4364,67
4474,4365,19
4475,4361,19
4476,4366,13
4477,4367,24
4478,4368,42
4479,4369,66
4480,4370,73
4481,4371,5
4482,4372,6
4483,4373,8
4484,4374,9
4485,4375,20
4486,4376,33
4487,4377,36
4488,4378,12
4489,4379,28
4490,4380,15
4491,4381,59
4492,4382,37
4493,4383,68
4494,4384,69
4495,192,16
4496,5031,29
4497,4385,41
4498,4327,26
4499,4325,1
4500,4333,40
4501,193,16
4502,4386,38
4503,4319,27
4504,4355,1
4505,4387,26
4506,4388,61
4507,5033,29
4508,4389,61
4509,4390,38
4510,4391,27
4511,4392,55
4512,4393,54
4513,4397,35
4514,4398,71
4515,4399,18
4516,4400,19
4517,4402,34
4518,4403,24
4519,4404,42
4520,4405,66
4521,4406,73
4522,4407,6
4523,4408,8
4524,4409,9
4525,4410,20
4526,4412,12
4527,4413,28
4528,4414,15
4529,4415,37
4530,4416,59
4531,4417,13
4532,4418,46
4533,4419,26
4534,4394,1
4535,4401,67
4536,4396,39
4537,5034,29
4538,4420,38
4539,4421,27
4540,4411,33
4541,4422,46
4542,4395,40
4543,4423,3
4544,4424,55
4545,4425,24
4546,4426,42
4547,4427,66
4548,4428,73
4549,4429,5
4550,4430,13
4551,4431,8
4552,4432,9
4553,4433,36
4554,4434,33
4555,4435,12
4556,4436,28
4557,4437,15
4558,4438,67
4559,4439,18
4560,4440,19
4561,4441,34
4562,4444,71
4563,4445,61
4564,4447,25
4565,194,16
4566,4443,1
4567,4442,17
4568,4448,38
4569,4449,27
4570,4450,55
4571,4451,24
4572,4452,42
4573,4453,54
4574,4454,66
4575,4455,73
4576,4456,13
4577,4457,68
4578,4458,5
4579,4459,6
4580,4460,8
4581,4461,9
4582,4463,20
4583,4464,36
4584,4465,28
4585,4466,12
4586,4468,15
4587,4469,67
4588,4470,39
4589,4471,18
4590,4472,59
4591,4473,37
4592,4474,35
4593,4475,22
4594,4476,71
4595,4477,23
4596,196,16
4597,5032,29
4598,195,16
4599,4478,27
4600,4479,38
4601,4467,17
4602,4480,26
4603,4446,61
4604,4482,30
4605,5035,29
4606,4483,3
4607,4484,55
4608,4485,25
4609,4486,24
4610,4488,54
4611,4489,66
4612,4490,20
4613,4491,33
4614,4492,6
4615,4493,37
4616,4494,8
4617,4495,9
4618,4462,1
4619,4496,69
4620,4497,12
4621,4498,15
4622,4499,19
4623,4500,39
4624,4501,34
4625,4502,40
4626,4503,61
4627,4504,23
4628,4505,61
4629,4506,38
4630,4507,28
4631,4508,5
4632,4509,27
4633,4510,17
4634,4511,26
4635,4512,1
4636,5036,29
4637,197,16
4638,4513,71
4639,4514,55
4640,4516,24
4641,4517,54
4642,4518,66
4643,4519,73
4644,4521,71
4645,4522,5
4646,4523,6
4647,4524,8
4648,4525,9
4649,4526,35
4650,4527,69
4651,4528,20
4652,4529,39
4653,4530,12
4654,4531,28
4655,4532,34
4656,4533,15
4657,4534,13
4658,4535,19
4659,4536,37
4660,4537,68
4661,4538,72
4662,4539,72
4663,4487,42
4664,4540,46
4665,4541,38
4666,4542,27
4667,4520,17
4668,4515,1
4669,4543,26
4670,4544,67
4671,4545,23
4672,4547,70
4673,198,16
4674,4546,70
4675,4548,33
4676,4549,42
4677,5037,29
4678,4550,3
4679,4551,55
4680,4552,24
4681,4553,42
4682,4554,54
4683,4555,66
4684,4556,73
4685,4557,13
4686,4558,5
4687,4559,6
4688,4560,8
4689,4561,9
4690,4564,33
4691,4565,36
4692,4566,12
4693,4567,28
4694,4568,34
4695,4569,15
4696,4570,17
4697,4571,35
4698,4572,18
4699,4573,19
4700,4574,37
4701,4575,39
4702,4578,71
4703,4563,20
4704,4576,22
4705,4579,38
4706,4580,27
4707,4581,26
4708,199,16
4709,4582,70
4710,5038,29
4711,4577,25
4712,4562,1
4713,4583,3
4714,4584,55
4715,4585,54
4716,4589,35
4717,4590,39
4718,4591,18
4719,4592,19
4720,4593,34
4721,4594,67
4722,4595,69
4723,4596,24
4724,4597,42
4725,4598,66
4726,4599,73
4727,4600,13
4728,4601,5
4729,4602,6
4730,4603,8
4731,4604,9
4732,4605,36
4733,4606,20
4734,4607,33
4735,4608,12
4736,4609,28
4737,4610,15
4738,4612,37
4739,4613,72
4740,4614,43
4741,4615,25
4742,200,16
4743,4616,46
4744,4617,46
4745,4618,38
4746,4619,27
4747,5039,29
4748,4620,41
4749,4621,70
4750,4586,1
4751,4587,26
4752,4588,17
4753,4622,55
4754,4623,72
4755,4624,24
4756,4625,54
4757,4626,66
4758,4627,73
4759,4628,13
4760,4629,6
4761,4630,37
4762,4631,8
4763,4632,9
4764,4633,33
4765,4634,36
4766,4635,12
4767,4636,28
4768,4637,40
4769,4638,15
4770,4639,67
4771,4640,35
4772,4641,18
4773,4642,19
4774,4643,71
4775,4644,34
4776,4481,30
4777,4645,38
4778,4647,27
4779,4649,26
4780,4650,70
4781,4651,61
4782,4652,61
4783,4648,1
4784,4654,55
4785,4653,3
4786,4655,24
4787,4656,42
4788,4657,54
4789,4658,73
4790,4659,5
4791,4660,13
4792,4661,8
4793,4662,9
4794,4664,20
4795,4665,36
4796,4666,28
4797,4667,15
4798,4669,19
4799,4670,17
4800,4663,1
4801,4671,25
4802,4673,66
4803,4674,72
4804,4675,67
4805,4676,12
4806,4668,18
4807,4611,71
4808,201,16
4809,202,16
4810,5040,29
4811,4646,30
4812,4677,26
4813,4678,27
4814,4679,38
4815,5041,29
4816,4680,55
4817,4681,24
4818,4682,42
4819,4683,66
4820,4684,73
4821,4685,5
4822,4686,6
4823,4687,8
4824,4688,9
4825,4689,13
4826,4690,37
4827,4691,20
4828,4692,15
4829,4693,67
4830,4695,18
4831,4696,17
4832,4697,39
4833,4698,35
4834,203,16
4835,4694,71
4836,4672,71
4837,4700,26
4838,4701,12
4839,4702,70
4840,4699,1
4841,4704,3
4842,4705,55
4843,4720,12
4844,4721,15
4845,4722,17
4846,4723,19
4847,4724,34
4848,4725,67
4849,4726,35
4850,4707,24
4851,4708,42
4852,4709,54
4853,4710,66
4854,4712,73
4855,4711,13
4856,4713,5
4857,4714,6
4858,4715,8
4859,4716,9
4860,4717,37
4861,4718,20
4862,4719,33
4863,204,16
4864,4728,40
4865,4729,28
4866,4703,28
4867,4730,46
4868,4731,23
4869,4732,39
4870,5042,29
4871,4733,27
4872,4734,38
4873,4735,43
4874,4736,71
4875,4737,26
4876,4727,1
4877,5043,29
4878,4738,55
4879,4706,25
4880,4739,24
4881,4740,42
4882,4742,20
4883,4743,33
4884,4744,5
4885,4745,71
4886,4746,8
4887,4747,9
4888,4748,13
4889,4750,36
4890,4751,12
4891,4752,28
4892,4754,15
4893,4741,66
4894,4755,18
4895,4756,19
4896,4757,34
4897,4758,35
4898,4759,39
4899,4760,6
4900,205,16
4901,4761,38
4902,4762,27
4903,4763,26
4904,4753,17
4905,4764,23
4906,4749,1
4907,4765,46
4908,4766,54
4909,5044,29
4910,4767,3
4911,4768,55
4912,4769,24
4913,4770,42
4914,4771,54
4915,4772,6
4916,4773,13
4917,4774,17
4918,4775,35
4919,4776,39
4920,4777,18
4921,4778,19
4922,4779,69
4923,4780,34
4924,4781,67
4925,4782,66
4926,4783,73
4927,4784,5
4928,4785,8
4929,4786,9
4930,4787,20
4931,4789,15
4932,4790,37
4933,4791,22
4934,4792,25
4935,4793,28
4936,206,16
4937,4794,71
4938,4795,38
4939,4796,27
4940,4797,26
4941,4798,12
4942,4799,30
4943,4788,33
4944,5045,29
4945,4801,3
4946,4802,55
4947,4803,66
4948,4804,73
4949,4805,5
4950,4806,8
4951,4807,9
4952,4808,33
4953,4809,20
4954,4810,36
4955,4812,28
4956,4813,15
4957,4814,37
4958,4815,25
4959,4816,24
4960,4817,54
4961,4818,6
4962,4819,67
4963,4800,1
4964,4821,13
4965,4822,35
4966,4824,18
4967,4825,19
4968,4827,34
4969,4829,42
4970,4830,26
4971,4823,17
4972,4826,39
4973,4831,38
4974,207,16
4975,4811,12
4976,4832,27
4977,4833,70
4978,4834,61
4979,4820,1
4980,4835,72
4981,4828,71
4982,4836,24
4983,4837,42
4984,4838,6
4985,4839,15
4986,4840,13
4987,4842,55
4988,4844,1
4990,4846,73
4991,4847,8
4992,4848,9
4993,4843,54
4994,4849,19
4995,4845,18
4996,4850,40
4997,4851,20
4998,4852,33
4999,4853,36
5000,4854,12
5001,4855,28
5002,4856,37
5003,4857,61
5004,4858,34
5006,4860,67
5007,4861,69
5008,4862,35
5009,4863,26
5010,4864,38
5011,5046,29
5014,4841,27
5015,4865,43
5016,4866,55
5017,4867,24
5018,4868,42
5019,4869,38
5020,4870,27
5021,4871,13
5022,4872,15
5025,4874,26
5026,4875,54
5035,4881,13
5036,4882,15
5042,5047,29
5043,4888,25
5044,4889,54
5045,4887,66
5047,4877,5
5049,4886,67
5051,4873,1
5052,4890,8
5055,4859,71
5057,4878,36
5058,4891,71
5059,4880,12
5060,4879,28
5061,4883,37
5063,4884,18
5064,4885,19
5065,4876,73
5066,210,16
5069,4893,25
5070,4894,66
5071,4895,6
5073,208,16
5075,4892,17
5076,209,16
5077,4896,66
